weight_decay,k_shot,run,accuracy
0.0,5,0,0.7668213457076566
0.01,5,0,0.7830626450116009
0.1,5,0,0.8132250580046404
1.0,5,0,0.7958236658932715
0.0,5,1,0.7946635730858469
0.01,5,1,0.7877030162412993
0.1,5,1,0.7819025522041764
1.0,5,1,0.8039443155452436
0.0,5,2,0.7842227378190255
0.01,5,2,0.7610208816705336
0.1,5,2,0.7633410672853829
1.0,5,2,0.7610208816705336
0.0,5,3,0.7795823665893271
0.01,5,3,0.7784222737819025
0.1,5,3,0.7563805104408353
1.0,5,3,0.759860788863109
0.0,5,4,0.7563805104408353
0.01,5,4,0.7679814385150812
0.1,5,4,0.7691415313225058
1.0,5,4,0.7563805104408353
0.0,5,5,0.8039443155452436
0.01,5,5,0.8271461716937355
0.1,5,5,0.8097447795823666
1.0,5,5,0.8097447795823666
0.0,5,6,0.839907192575406
0.01,5,6,0.8375870069605569
0.1,5,6,0.839907192575406
1.0,5,6,0.8491879350348028
0.0,5,7,0.7703016241299304
0.01,5,7,0.7842227378190255
0.1,5,7,0.7842227378190255
1.0,5,7,0.7784222737819025
0.0,5,8,0.7146171693735499
0.01,5,8,0.7169373549883991
0.1,5,8,0.7204176334106729
1.0,5,8,0.6902552204176334
0.0,5,9,0.8329466357308585
0.01,5,9,0.8317865429234339
0.1,5,9,0.8329466357308585
1.0,5,9,0.820185614849188
0.0,10,0,0.8441558441558441
0.01,10,0,0.8441558441558441
0.1,10,0,0.8618654073199528
1.0,10,0,0.8689492325855962
0.0,10,1,0.8110979929161747
0.01,10,1,0.8181818181818182
0.1,10,1,0.8004722550177096
1.0,10,1,0.8311688311688312
0.0,10,2,0.8264462809917356
0.01,10,2,0.8347107438016529
0.1,10,2,0.8299881936245572
1.0,10,2,0.820543093270366
0.0,10,3,0.8181818181818182
0.01,10,3,0.8264462809917356
0.1,10,3,0.8417945690672963
1.0,10,3,0.8618654073199528
0.0,10,4,0.8323494687131051
0.01,10,4,0.8358913813459268
0.1,10,4,0.8288075560802833
1.0,10,4,0.859504132231405
0.0,10,5,0.8051948051948052
0.01,10,5,0.7957497048406139
0.1,10,5,0.7744982290436836
1.0,10,5,0.833530106257379
0.0,10,6,0.8524203069657615
0.01,10,6,0.8559622195985832
0.1,10,6,0.8323494687131051
1.0,10,6,0.8500590318772137
0.0,10,7,0.8311688311688312
0.01,10,7,0.846517119244392
0.1,10,7,0.8583234946871311
1.0,10,7,0.8512396694214877
0.0,10,8,0.8181818181818182
0.01,10,8,0.807556080283353
0.1,10,8,0.7839433293978748
1.0,10,8,0.79456906729634
0.0,10,9,0.820543093270366
0.01,10,9,0.8240850059031877
0.1,10,9,0.7768595041322314
1.0,10,9,0.7981109799291618
0.0,15,0,0.8040865384615384
0.01,15,0,0.8209134615384616
0.1,15,0,0.8401442307692307
1.0,15,0,0.8521634615384616
0.0,15,1,0.8209134615384616
0.01,15,1,0.8293269230769231
0.1,15,1,0.8377403846153846
1.0,15,1,0.8305288461538461
0.0,15,2,0.8100961538461539
0.01,15,2,0.8112980769230769
0.1,15,2,0.8161057692307693
1.0,15,2,0.8389423076923077
0.0,15,3,0.8425480769230769
0.01,15,3,0.8389423076923077
0.1,15,3,0.8076923076923077
1.0,15,3,0.8557692307692307
0.0,15,4,0.8221153846153846
0.01,15,4,0.8185096153846154
0.1,15,4,0.8040865384615384
1.0,15,4,0.8245192307692307
0.0,15,5,0.8557692307692307
0.01,15,5,0.8617788461538461
0.1,15,5,0.8317307692307693
1.0,15,5,0.8725961538461539
0.0,15,6,0.8521634615384616
0.01,15,6,0.8581730769230769
0.1,15,6,0.8173076923076923
1.0,15,6,0.8605769230769231
0.0,15,7,0.8485576923076923
0.01,15,7,0.8341346153846154
0.1,15,7,0.796875
1.0,15,7,0.8197115384615384
0.0,15,8,0.8161057692307693
0.01,15,8,0.8269230769230769
0.1,15,8,0.8137019230769231
1.0,15,8,0.8401442307692307
0.0,15,9,0.8221153846153846
0.01,15,9,0.8233173076923077
0.1,15,9,0.7620192307692307
1.0,15,9,0.8305288461538461
0.0,20,0,0.8580171358629131
0.01,20,0,0.847001223990208
0.1,20,0,0.8653610771113831
1.0,20,0,0.8800489596083231
0.0,20,1,0.8531211750305998
0.01,20,1,0.8396572827417381
0.1,20,1,0.8298653610771114
1.0,20,1,0.8641370869033048
0.0,20,2,0.8629130966952264
0.01,20,2,0.8604651162790697
0.1,20,2,0.8616891064871481
1.0,20,2,0.8763769889840881
0.0,20,3,0.8739290085679314
0.01,20,3,0.8751529987760098
0.1,20,3,0.8653610771113831
1.0,20,3,0.8788249694002448
0.0,20,4,0.8482252141982864
0.01,20,4,0.8531211750305998
0.1,20,4,0.8506731946144431
1.0,20,4,0.8580171358629131
0.0,20,5,0.8567931456548348
0.01,20,5,0.8580171358629131
0.1,20,5,0.8849449204406364
1.0,20,5,0.8739290085679314
0.0,20,6,0.8849449204406364
0.01,20,6,0.8898408812729498
0.1,20,6,0.8555691554467564
1.0,20,6,0.8800489596083231
0.0,20,7,0.8543451652386781
0.01,20,7,0.8518971848225214
0.1,20,7,0.8408812729498164
1.0,20,7,0.8531211750305998
0.0,20,8,0.7821297429620563
0.01,20,8,0.7894736842105263
0.1,20,8,0.824969400244798
1.0,20,8,0.8310893512851897
0.0,20,9,0.8457772337821298
0.01,20,9,0.8531211750305998
0.1,20,9,0.8604651162790697
1.0,20,9,0.8714810281517748
0.0,30,0,0.8538754764930114
0.01,30,0,0.8576874205844981
0.1,30,0,0.8221092757306226
1.0,30,0,0.855146124523507
0.0,30,1,0.8106734434561627
0.01,30,1,0.8119440914866582
0.1,30,1,0.8271918678526048
1.0,30,1,0.832274459974587
0.0,30,2,0.8576874205844981
0.01,30,2,0.8462515883100381
0.1,30,2,0.8475222363405337
1.0,30,2,0.8640406607369758
0.0,30,3,0.8424396442185514
0.01,30,3,0.8271918678526048
0.1,30,3,0.8259212198221093
1.0,30,3,0.8564167725540025
0.0,30,4,0.8373570520965693
0.01,30,4,0.8284625158831004
0.1,30,4,0.832274459974587
1.0,30,4,0.8513341804320204
0.0,30,5,0.8703939008894537
0.01,30,5,0.8729351969504447
0.1,30,5,0.8627700127064803
1.0,30,5,0.8589580686149937
0.0,30,6,0.8195679796696315
0.01,30,6,0.8246505717916137
0.1,30,6,0.8284625158831004
1.0,30,6,0.8500635324015248
0.0,30,7,0.8246505717916137
0.01,30,7,0.820838627700127
0.1,30,7,0.8157560355781448
1.0,30,7,0.8513341804320204
0.0,30,8,0.8703939008894537
0.01,30,8,0.8703939008894537
0.1,30,8,0.8805590851334181
1.0,30,8,0.8767471410419314
0.0,30,9,0.8144853875476493
0.01,30,9,0.8005082592121983
0.1,30,9,0.8538754764930114
1.0,30,9,0.8831003811944091
