experiment,k_shot,run,accuracy
A1_uniform_frozen,5,0,0.7668213457076566
A1_learned,5,0,0.7958236658932715
A1_reference_protonet,5,0,0.7668213457076566
A2_random_frozen,5,0,0.7668213457076566
A2_learned,5,0,0.7958236658932715
A1_uniform_frozen,5,1,0.7726218097447796
A1_learned,5,1,0.8039443155452436
A1_reference_protonet,5,1,0.7726218097447796
A2_random_frozen,5,1,0.7737819025522041
A2_learned,5,1,0.8039443155452436
A1_uniform_frozen,5,2,0.7900232018561485
A1_learned,5,2,0.7610208816705336
A1_reference_protonet,5,2,0.7900232018561485
A2_random_frozen,5,2,0.7900232018561485
A2_learned,5,2,0.7610208816705336
A1_uniform_frozen,5,3,0.7691415313225058
A1_learned,5,3,0.759860788863109
A1_reference_protonet,5,3,0.7691415313225058
A2_random_frozen,5,3,0.7691415313225058
A2_learned,5,3,0.759860788863109
A1_uniform_frozen,5,4,0.7563805104408353
A1_learned,5,4,0.7563805104408353
A1_reference_protonet,5,4,0.7563805104408353
A2_random_frozen,5,4,0.7540603248259861
A2_learned,5,4,0.7563805104408353
A1_uniform_frozen,5,5,0.7993039443155452
A1_learned,5,5,0.8097447795823666
A1_reference_protonet,5,5,0.7993039443155452
A2_random_frozen,5,5,0.8039443155452436
A2_learned,5,5,0.8097447795823666
A1_uniform_frozen,5,6,0.8317865429234339
A1_learned,5,6,0.8491879350348028
A1_reference_protonet,5,6,0.8317865429234339
A2_random_frozen,5,6,0.834106728538283
A2_learned,5,6,0.8491879350348028
A1_uniform_frozen,5,7,0.771461716937355
A1_learned,5,7,0.7784222737819025
A1_reference_protonet,5,7,0.771461716937355
A2_random_frozen,5,7,0.7726218097447796
A2_learned,5,7,0.7784222737819025
A1_uniform_frozen,5,8,0.7018561484918794
A1_learned,5,8,0.6902552204176334
A1_reference_protonet,5,8,0.7018561484918794
A2_random_frozen,5,8,0.6995359628770301
A2_learned,5,8,0.6902552204176334
A1_uniform_frozen,5,9,0.8109048723897911
A1_learned,5,9,0.820185614849188
A1_reference_protonet,5,9,0.8109048723897911
A2_random_frozen,5,9,0.8120649651972158
A2_learned,5,9,0.820185614849188
A1_uniform_frozen,10,0,0.8217237308146399
A1_learned,10,0,0.8689492325855962
A1_reference_protonet,10,0,0.8217237308146399
A2_random_frozen,10,0,0.8229043683589138
A2_learned,10,0,0.8689492325855962
A1_uniform_frozen,10,1,0.820543093270366
A1_learned,10,1,0.8311688311688312
A1_reference_protonet,10,1,0.820543093270366
A2_random_frozen,10,1,0.820543093270366
A2_learned,10,1,0.8311688311688312
A1_uniform_frozen,10,2,0.8122786304604487
A1_learned,10,2,0.820543093270366
A1_reference_protonet,10,2,0.8122786304604487
A2_random_frozen,10,2,0.8110979929161747
A2_learned,10,2,0.820543093270366
A1_uniform_frozen,10,3,0.7969303423848878
A1_learned,10,3,0.8618654073199528
A1_reference_protonet,10,3,0.7969303423848878
A2_random_frozen,10,3,0.7957497048406139
A2_learned,10,3,0.8618654073199528
A1_uniform_frozen,10,4,0.8299881936245572
A1_learned,10,4,0.859504132231405
A1_reference_protonet,10,4,0.8299881936245572
A2_random_frozen,10,4,0.8323494687131051
A2_learned,10,4,0.859504132231405
A1_uniform_frozen,10,5,0.7827626918536009
A1_learned,10,5,0.833530106257379
A1_reference_protonet,10,5,0.7827626918536009
A2_random_frozen,10,5,0.7804014167650531
A2_learned,10,5,0.833530106257379
A1_uniform_frozen,10,6,0.8110979929161747
A1_learned,10,6,0.8500590318772137
A1_reference_protonet,10,6,0.8110979929161747
A2_random_frozen,10,6,0.8170011806375442
A2_learned,10,6,0.8500590318772137
A1_uniform_frozen,10,7,0.8110979929161747
A1_learned,10,7,0.8512396694214877
A1_reference_protonet,10,7,0.8110979929161747
A2_random_frozen,10,7,0.8110979929161747
A2_learned,10,7,0.8512396694214877
A1_uniform_frozen,10,8,0.8040141676505312
A1_learned,10,8,0.79456906729634
A1_reference_protonet,10,8,0.8040141676505312
A2_random_frozen,10,8,0.8051948051948052
A2_learned,10,8,0.79456906729634
A1_uniform_frozen,10,9,0.8181818181818182
A1_learned,10,9,0.7981109799291618
A1_reference_protonet,10,9,0.8181818181818182
A2_random_frozen,10,9,0.8134592680047226
A2_learned,10,9,0.7981109799291618
A1_uniform_frozen,15,0,0.7944711538461539
A1_learned,15,0,0.8521634615384616
A1_reference_protonet,15,0,0.7944711538461539
A2_random_frozen,15,0,0.7956730769230769
A2_learned,15,0,0.8521634615384616
A1_uniform_frozen,15,1,0.8173076923076923
A1_learned,15,1,0.8305288461538461
A1_reference_protonet,15,1,0.8173076923076923
A2_random_frozen,15,1,0.8161057692307693
A2_learned,15,1,0.8305288461538461
A1_uniform_frozen,15,2,0.7932692307692307
A1_learned,15,2,0.8389423076923077
A1_reference_protonet,15,2,0.7932692307692307
A2_random_frozen,15,2,0.7944711538461539
A2_learned,15,2,0.8389423076923077
A1_uniform_frozen,15,3,0.7908653846153846
A1_learned,15,3,0.8557692307692307
A1_reference_protonet,15,3,0.7908653846153846
A2_random_frozen,15,3,0.7920673076923077
A2_learned,15,3,0.8557692307692307
A1_uniform_frozen,15,4,0.8040865384615384
A1_learned,15,4,0.8245192307692307
A1_reference_protonet,15,4,0.8040865384615384
A2_random_frozen,15,4,0.8064903846153846
A2_learned,15,4,0.8245192307692307
A1_uniform_frozen,15,5,0.8161057692307693
A1_learned,15,5,0.8725961538461539
A1_reference_protonet,15,5,0.8161057692307693
A2_random_frozen,15,5,0.8137019230769231
A2_learned,15,5,0.8725961538461539
A1_uniform_frozen,15,6,0.8317307692307693
A1_learned,15,6,0.8605769230769231
A1_reference_protonet,15,6,0.8317307692307693
A2_random_frozen,15,6,0.8317307692307693
A2_learned,15,6,0.8605769230769231
A1_uniform_frozen,15,7,0.796875
A1_learned,15,7,0.8197115384615384
A1_reference_protonet,15,7,0.796875
A2_random_frozen,15,7,0.7944711538461539
A2_learned,15,7,0.8197115384615384
A1_uniform_frozen,15,8,0.8197115384615384
A1_learned,15,8,0.8401442307692307
A1_reference_protonet,15,8,0.8197115384615384
A2_random_frozen,15,8,0.8161057692307693
A2_learned,15,8,0.8401442307692307
A1_uniform_frozen,15,9,0.8028846153846154
A1_learned,15,9,0.8305288461538461
A1_reference_protonet,15,9,0.8028846153846154
A2_random_frozen,15,9,0.8016826923076923
A2_learned,15,9,0.8305288461538461
A1_uniform_frozen,20,0,0.806609547123623
A1_learned,20,0,0.8800489596083231
A1_reference_protonet,20,0,0.806609547123623
A2_random_frozen,20,0,0.8078335373317014
A2_learned,20,0,0.8800489596083231
A1_uniform_frozen,20,1,0.8335373317013464
A1_learned,20,1,0.8641370869033048
A1_reference_protonet,20,1,0.8335373317013464
A2_random_frozen,20,1,0.8347613219094248
A2_learned,20,1,0.8641370869033048
A1_uniform_frozen,20,2,0.8090575275397797
A1_learned,20,2,0.8763769889840881
A1_reference_protonet,20,2,0.8090575275397797
A2_random_frozen,20,2,0.8102815177478581
A2_learned,20,2,0.8763769889840881
A1_uniform_frozen,20,3,0.8127294981640147
A1_learned,20,3,0.8788249694002448
A1_reference_protonet,20,3,0.8127294981640147
A2_random_frozen,20,3,0.813953488372093
A2_learned,20,3,0.8788249694002448
A1_uniform_frozen,20,4,0.8237454100367197
A1_learned,20,4,0.8580171358629131
A1_reference_protonet,20,4,0.8237454100367197
A2_random_frozen,20,4,0.8200734394124847
A2_learned,20,4,0.8580171358629131
A1_uniform_frozen,20,5,0.8298653610771114
A1_learned,20,5,0.8739290085679314
A1_reference_protonet,20,5,0.8298653610771114
A2_random_frozen,20,5,0.8298653610771114
A2_learned,20,5,0.8739290085679314
A1_uniform_frozen,20,6,0.8127294981640147
A1_learned,20,6,0.8800489596083231
A1_reference_protonet,20,6,0.8127294981640147
A2_random_frozen,20,6,0.8127294981640147
A2_learned,20,6,0.8800489596083231
A1_uniform_frozen,20,7,0.8188494492044064
A1_learned,20,7,0.8531211750305998
A1_reference_protonet,20,7,0.8188494492044064
A2_random_frozen,20,7,0.8200734394124847
A2_learned,20,7,0.8531211750305998
A1_uniform_frozen,20,8,0.8102815177478581
A1_learned,20,8,0.8310893512851897
A1_reference_protonet,20,8,0.8102815177478581
A2_random_frozen,20,8,0.8102815177478581
A2_learned,20,8,0.8310893512851897
A1_uniform_frozen,20,9,0.8225214198286414
A1_learned,20,9,0.8714810281517748
A1_reference_protonet,20,9,0.8225214198286414
A2_random_frozen,20,9,0.8212974296205631
A2_learned,20,9,0.8714810281517748
A1_uniform_frozen,30,0,0.8081321473951716
A1_learned,30,0,0.855146124523507
A1_reference_protonet,30,0,0.8081321473951716
A2_random_frozen,30,0,0.8106734434561627
A2_learned,30,0,0.855146124523507
A1_uniform_frozen,30,1,0.795425667090216
A1_learned,30,1,0.832274459974587
A1_reference_protonet,30,1,0.795425667090216
A2_random_frozen,30,1,0.7979669631512071
A2_learned,30,1,0.832274459974587
A1_uniform_frozen,30,2,0.8106734434561627
A1_learned,30,2,0.8640406607369758
A1_reference_protonet,30,2,0.8106734434561627
A2_random_frozen,30,2,0.8094027954256671
A2_learned,30,2,0.8640406607369758
A1_uniform_frozen,30,3,0.818297331639136
A1_learned,30,3,0.8564167725540025
A1_reference_protonet,30,3,0.818297331639136
A2_random_frozen,30,3,0.8170266836086404
A2_learned,30,3,0.8564167725540025
A1_uniform_frozen,30,4,0.818297331639136
A1_learned,30,4,0.8513341804320204
A1_reference_protonet,30,4,0.818297331639136
A2_random_frozen,30,4,0.8170266836086404
A2_learned,30,4,0.8513341804320204
A1_uniform_frozen,30,5,0.7992376111817027
A1_learned,30,5,0.8589580686149937
A1_reference_protonet,30,5,0.7992376111817027
A2_random_frozen,30,5,0.8030495552731893
A2_learned,30,5,0.8589580686149937
A1_uniform_frozen,30,6,0.8005082592121983
A1_learned,30,6,0.8500635324015248
A1_reference_protonet,30,6,0.8005082592121983
A2_random_frozen,30,6,0.8005082592121983
A2_learned,30,6,0.8500635324015248
A1_uniform_frozen,30,7,0.8094027954256671
A1_learned,30,7,0.8513341804320204
A1_reference_protonet,30,7,0.8094027954256671
A2_random_frozen,30,7,0.8081321473951716
A2_learned,30,7,0.8513341804320204
A1_uniform_frozen,30,8,0.806861499364676
A1_learned,30,8,0.8767471410419314
A1_reference_protonet,30,8,0.806861499364676
A2_random_frozen,30,8,0.8081321473951716
A2_learned,30,8,0.8767471410419314
A1_uniform_frozen,30,9,0.8132147395171537
A1_learned,30,9,0.8831003811944091
A1_reference_protonet,30,9,0.8132147395171537
A2_random_frozen,30,9,0.8081321473951716
A2_learned,30,9,0.8831003811944091
