method,k_shot,class,precision,recall,f1,support
transfer_learning,5,Unripe,0.7456140350877193,0.794392523364486,0.7692307692307692,214
transfer_learning,5,Ripe,0.8465909090909091,0.6636971046770601,0.7440699126092385,449
transfer_learning,5,Overripe,0.6702127659574468,0.949748743718593,0.7858627858627859,199
protonet,5,Unripe,0.7822222222222223,0.822429906542056,0.8018223234624146,214
protonet,5,Ripe,0.875,0.6547884187082406,0.7490445859872612,449
protonet,5,Overripe,0.6345514950166113,0.9597989949748744,0.764,199
metric_protonet,5,Unripe,0.8271028037383178,0.8271028037383178,0.8271028037383178,214
metric_protonet,5,Ripe,0.8805555555555555,0.7060133630289532,0.7836835599505563,449
metric_protonet,5,Overripe,0.6666666666666666,0.964824120603015,0.788501026694045,199
transfer_learning,5,Unripe,0.6541095890410958,0.8925233644859814,0.7549407114624506,214
transfer_learning,5,Ripe,0.8808864265927978,0.7082405345211581,0.7851851851851853,449
transfer_learning,5,Overripe,0.8516746411483254,0.8944723618090452,0.8725490196078433,199
protonet,5,Unripe,0.6178343949044586,0.9065420560747663,0.7348484848484849,214
protonet,5,Ripe,0.8713450292397661,0.6636971046770601,0.7534766118836914,449
protonet,5,Overripe,0.8446601941747572,0.8743718592964824,0.8592592592592592,199
metric_protonet,5,Unripe,0.6666666666666666,0.9065420560747663,0.7683168316831682,214
metric_protonet,5,Ripe,0.8910614525139665,0.7104677060133631,0.7905824039653035,449
metric_protonet,5,Overripe,0.8450704225352113,0.9045226130653267,0.8737864077669902,199
transfer_learning,5,Unripe,0.5526315789473685,0.883177570093458,0.6798561151079137,214
transfer_learning,5,Ripe,0.8531468531468531,0.5434298440979956,0.6639455782312926,449
transfer_learning,5,Overripe,0.7564102564102564,0.8894472361809045,0.8175519630484989,199
protonet,5,Unripe,0.6788321167883211,0.8691588785046729,0.762295081967213,214
protonet,5,Ripe,0.8605898123324397,0.7149220489977728,0.7810218978102189,449
protonet,5,Overripe,0.8093023255813954,0.8743718592964824,0.8405797101449275,199
metric_protonet,5,Unripe,0.6482758620689655,0.8785046728971962,0.746031746031746,214
metric_protonet,5,Ripe,0.8403361344537815,0.6681514476614699,0.7444168734491315,449
metric_protonet,5,Overripe,0.7813953488372093,0.8442211055276382,0.8115942028985508,199
transfer_learning,5,Unripe,0.7416267942583732,0.7242990654205608,0.7328605200945626,214
transfer_learning,5,Ripe,0.8067632850241546,0.7438752783964365,0.7740440324449593,449
transfer_learning,5,Overripe,0.7322175732217573,0.8793969849246231,0.7990867579908675,199
protonet,5,Unripe,0.6550522648083623,0.8785046728971962,0.750499001996008,214
protonet,5,Ripe,0.8709677419354839,0.6614699331848553,0.7518987341772152,449
protonet,5,Overripe,0.7606837606837606,0.8944723618090452,0.8221709006928405,199
metric_protonet,5,Unripe,0.6539792387543253,0.883177570093458,0.7514910536779323,214
metric_protonet,5,Ripe,0.8696969696969697,0.6391982182628062,0.7368421052631579,449
metric_protonet,5,Overripe,0.7366255144032922,0.8994974874371859,0.8099547511312218,199
transfer_learning,5,Unripe,0.6056338028169014,0.8037383177570093,0.6907630522088354,214
transfer_learning,5,Ripe,0.8252148997134671,0.6414253897550112,0.7218045112781954,449
transfer_learning,5,Overripe,0.7729257641921398,0.8894472361809045,0.8271028037383178,199
protonet,5,Unripe,0.6450381679389313,0.7897196261682243,0.7100840336134454,214
protonet,5,Ripe,0.8225806451612904,0.6815144766146993,0.7454323995127894,449
protonet,5,Overripe,0.7763157894736842,0.8894472361809045,0.8290398126463698,199
metric_protonet,5,Unripe,0.642023346303502,0.7710280373831776,0.7006369426751593,214
metric_protonet,5,Ripe,0.8141361256544503,0.6926503340757239,0.7484957882069795,449
metric_protonet,5,Overripe,0.7892376681614349,0.8844221105527639,0.8341232227488152,199
transfer_learning,5,Unripe,0.7575757575757576,0.8177570093457944,0.7865168539325843,214
transfer_learning,5,Ripe,0.8746081504702194,0.621380846325167,0.7265625,449
transfer_learning,5,Overripe,0.6217948717948718,0.9748743718592965,0.7592954990215264,199
protonet,5,Unripe,0.8037383177570093,0.8037383177570093,0.8037383177570093,214
protonet,5,Ripe,0.8680738786279684,0.732739420935412,0.7946859903381643,449
protonet,5,Overripe,0.6988847583643123,0.9447236180904522,0.8034188034188033,199
metric_protonet,5,Unripe,0.8038277511961722,0.7850467289719626,0.7943262411347518,214
metric_protonet,5,Ripe,0.8625954198473282,0.755011135857461,0.805225653206651,449
metric_protonet,5,Overripe,0.7346153846153847,0.9597989949748744,0.832244008714597,199
transfer_learning,5,Unripe,0.8266666666666667,0.8691588785046729,0.847380410022779,214
transfer_learning,5,Ripe,0.8355555555555556,0.8374164810690423,0.8364849833147943,449
transfer_learning,5,Overripe,0.8181818181818182,0.7688442211055276,0.7927461139896372,199
protonet,5,Unripe,0.7887931034482759,0.8551401869158879,0.8206278026905829,214
protonet,5,Ripe,0.8765432098765432,0.7906458797327395,0.8313817330210772,449
protonet,5,Overripe,0.7955555555555556,0.8994974874371859,0.8443396226415094,199
metric_protonet,5,Unripe,0.8476190476190476,0.8317757009345794,0.839622641509434,214
metric_protonet,5,Ripe,0.8539823008849557,0.8596881959910914,0.8568257491675917,449
metric_protonet,5,Overripe,0.84,0.8442211055276382,0.8421052631578947,199
transfer_learning,5,Unripe,0.5494505494505495,0.9345794392523364,0.6920415224913496,214
transfer_learning,5,Ripe,0.790273556231003,0.579064587973274,0.6683804627249358,449
transfer_learning,5,Overripe,0.8520710059171598,0.7236180904522613,0.782608695652174,199
protonet,5,Unripe,0.5988023952095808,0.9345794392523364,0.72992700729927,214
protonet,5,Ripe,0.8579545454545454,0.6726057906458798,0.7540574282147317,449
protonet,5,Overripe,0.9261363636363636,0.8190954773869347,0.8693333333333333,199
metric_protonet,5,Unripe,0.625,0.9345794392523364,0.749063670411985,214
metric_protonet,5,Ripe,0.8430851063829787,0.7060133630289532,0.7684848484848485,449
metric_protonet,5,Overripe,0.927710843373494,0.7738693467336684,0.8438356164383563,199
transfer_learning,5,Unripe,0.5484764542936288,0.9252336448598131,0.6886956521739129,214
transfer_learning,5,Ripe,0.9043478260869565,0.46325167037861914,0.6126656848306333,449
transfer_learning,5,Overripe,0.7047970479704797,0.9597989949748744,0.8127659574468085,199
protonet,5,Unripe,0.5390835579514824,0.9345794392523364,0.6837606837606838,214
protonet,5,Ripe,0.9152542372881356,0.48106904231625836,0.6306569343065693,449
protonet,5,Overripe,0.7411764705882353,0.949748743718593,0.8325991189427313,199
metric_protonet,5,Unripe,0.5190839694656488,0.9532710280373832,0.6721581548599671,214
metric_protonet,5,Ripe,0.9066666666666666,0.45434298440979953,0.6053412462908012,449
metric_protonet,5,Overripe,0.7663934426229508,0.9396984924623115,0.8442437923250564,199
transfer_learning,5,Unripe,0.96875,0.5794392523364486,0.7251461988304093,214
transfer_learning,5,Ripe,0.7848360655737705,0.8530066815144766,0.8175026680896478,449
transfer_learning,5,Overripe,0.7479674796747967,0.9246231155778895,0.8269662921348314,199
protonet,5,Unripe,0.9225806451612903,0.6682242990654206,0.7750677506775068,214
protonet,5,Ripe,0.8195991091314031,0.8195991091314031,0.8195991091314031,449
protonet,5,Overripe,0.7286821705426356,0.9447236180904522,0.8227571115973741,199
metric_protonet,5,Unripe,0.9847328244274809,0.602803738317757,0.7478260869565216,214
metric_protonet,5,Ripe,0.7928286852589641,0.8864142538975501,0.8370136698212408,449
metric_protonet,5,Overripe,0.7860262008733624,0.9045226130653267,0.8411214953271028,199
transfer_learning,10,Unripe,0.8349056603773585,0.84688995215311,0.840855106888361,209
transfer_learning,10,Ripe,0.8326180257510729,0.8738738738738738,0.8527472527472526,444
transfer_learning,10,Overripe,0.8757396449704142,0.7628865979381443,0.8154269972451791,194
protonet,10,Unripe,0.7416666666666667,0.8516746411483254,0.7928730512249443,209
protonet,10,Ripe,0.8463356973995272,0.8063063063063063,0.8258362168396769,444
protonet,10,Overripe,0.8695652173913043,0.8247422680412371,0.8465608465608465,194
metric_protonet,10,Unripe,0.8974358974358975,0.8373205741626795,0.8663366336633663,209
metric_protonet,10,Ripe,0.8505263157894737,0.9099099099099099,0.8792165397170839,444
metric_protonet,10,Overripe,0.8870056497175142,0.8092783505154639,0.8463611859838276,194
transfer_learning,10,Unripe,0.8378378378378378,0.8899521531100478,0.863109048723898,209
transfer_learning,10,Ripe,0.91005291005291,0.7747747747747747,0.8369829683698297,444
transfer_learning,10,Overripe,0.7368421052631579,0.9381443298969072,0.8253968253968254,194
protonet,10,Unripe,0.8791208791208791,0.7655502392344498,0.8184143222506395,209
protonet,10,Ripe,0.8496420047732697,0.8018018018018018,0.8250289687137891,444
protonet,10,Overripe,0.7276422764227642,0.9226804123711341,0.8136363636363636,194
metric_protonet,10,Unripe,0.8403755868544601,0.8564593301435407,0.8483412322274881,209
metric_protonet,10,Ripe,0.8868894601542416,0.777027027027027,0.8283313325330132,444
metric_protonet,10,Overripe,0.7346938775510204,0.9278350515463918,0.8200455580865604,194
transfer_learning,10,Unripe,0.6958174904942965,0.8755980861244019,0.7754237288135593,209
transfer_learning,10,Ripe,0.8845070422535212,0.7072072072072072,0.785982478097622,444
transfer_learning,10,Overripe,0.7729257641921398,0.9123711340206185,0.8368794326241135,194
protonet,10,Unripe,0.7250996015936255,0.8708133971291866,0.7913043478260869,209
protonet,10,Ripe,0.8803191489361702,0.7454954954954955,0.8073170731707318,444
protonet,10,Overripe,0.7954545454545454,0.9020618556701031,0.8454106280193237,194
metric_protonet,10,Unripe,0.7294117647058823,0.8899521531100478,0.8017241379310344,209
metric_protonet,10,Ripe,0.8821989528795812,0.759009009009009,0.8159806295399515,444
metric_protonet,10,Overripe,0.819047619047619,0.8865979381443299,0.8514851485148515,194
transfer_learning,10,Unripe,0.7793427230046949,0.7942583732057417,0.7867298578199052,209
transfer_learning,10,Ripe,0.8618925831202046,0.759009009009009,0.807185628742515,444
transfer_learning,10,Overripe,0.7448559670781894,0.9329896907216495,0.82837528604119,194
protonet,10,Unripe,0.7445887445887446,0.8229665071770335,0.7818181818181817,209
protonet,10,Ripe,0.856396866840731,0.7387387387387387,0.7932285368802902,444
protonet,10,Overripe,0.7510729613733905,0.9020618556701031,0.819672131147541,194
metric_protonet,10,Unripe,0.8704663212435233,0.8038277511961722,0.835820895522388,209
metric_protonet,10,Ripe,0.8741418764302059,0.8603603603603603,0.8671963677639045,444
metric_protonet,10,Overripe,0.8294930875576036,0.9278350515463918,0.875912408759124,194
transfer_learning,10,Unripe,0.7408906882591093,0.8755980861244019,0.8026315789473685,209
transfer_learning,10,Ripe,0.8746928746928747,0.8018018018018018,0.836662749706228,444
transfer_learning,10,Overripe,0.8756476683937824,0.8711340206185567,0.8733850129198967,194
protonet,10,Unripe,0.7428571428571429,0.8708133971291866,0.8017621145374451,209
protonet,10,Ripe,0.8694581280788177,0.795045045045045,0.8305882352941177,444
protonet,10,Overripe,0.8571428571428571,0.865979381443299,0.8615384615384615,194
metric_protonet,10,Unripe,0.7854077253218884,0.8755980861244019,0.828054298642534,209
metric_protonet,10,Ripe,0.8735632183908046,0.8558558558558559,0.8646188850967009,444
metric_protonet,10,Overripe,0.9217877094972067,0.8505154639175257,0.8847184986595175,194
transfer_learning,10,Unripe,0.7065637065637066,0.8755980861244019,0.7820512820512819,209
transfer_learning,10,Ripe,0.87146529562982,0.7635135135135135,0.8139255702280912,444
transfer_learning,10,Overripe,0.8542713567839196,0.8762886597938144,0.8651399491094148,194
protonet,10,Unripe,0.6262295081967213,0.9138755980861244,0.7431906614785992,209
protonet,10,Ripe,0.8760806916426513,0.6846846846846847,0.7686472819216184,444
protonet,10,Overripe,0.8615384615384616,0.865979381443299,0.8637532133676092,194
metric_protonet,10,Unripe,0.7754237288135594,0.8755980861244019,0.8224719101123596,209
metric_protonet,10,Ripe,0.8564705882352941,0.8198198198198198,0.8377445339470655,444
metric_protonet,10,Overripe,0.8548387096774194,0.8195876288659794,0.8368421052631579,194
transfer_learning,10,Unripe,0.8537735849056604,0.8660287081339713,0.8598574821852731,209
transfer_learning,10,Ripe,0.8501070663811563,0.8941441441441441,0.8715697036223929,444
transfer_learning,10,Overripe,0.8988095238095238,0.7783505154639175,0.8342541436464089,194
protonet,10,Unripe,0.7315175097276264,0.8995215311004785,0.8068669527896996,209
protonet,10,Ripe,0.8776595744680851,0.7432432432432432,0.8048780487804877,444
protonet,10,Overripe,0.7897196261682243,0.8711340206185567,0.8284313725490197,194
metric_protonet,10,Unripe,0.7948717948717948,0.8899521531100478,0.8397291196388262,209
metric_protonet,10,Ripe,0.8782816229116945,0.8288288288288288,0.8528389339513325,444
metric_protonet,10,Overripe,0.8556701030927835,0.8556701030927835,0.8556701030927835,194
transfer_learning,10,Unripe,0.6953125,0.8516746411483254,0.7655913978494623,209
transfer_learning,10,Ripe,0.8575268817204301,0.7184684684684685,0.7818627450980392,444
transfer_learning,10,Overripe,0.776255707762557,0.8762886597938144,0.8232445520581114,194
protonet,10,Unripe,0.7309236947791165,0.8708133971291866,0.7947598253275109,209
protonet,10,Ripe,0.88,0.7432432432432432,0.8058608058608058,444
protonet,10,Overripe,0.7847533632286996,0.9020618556701031,0.8393285371702638,194
metric_protonet,10,Unripe,0.8063063063063063,0.8564593301435407,0.8306264501160094,209
metric_protonet,10,Ripe,0.8767772511848341,0.8333333333333334,0.8545034642032333,444
metric_protonet,10,Overripe,0.8472906403940886,0.8865979381443299,0.8664987405541562,194
transfer_learning,10,Unripe,0.7398373983739838,0.8708133971291866,0.8,209
transfer_learning,10,Ripe,0.8802395209580839,0.6621621621621622,0.7557840616966581,444
transfer_learning,10,Overripe,0.6741573033707865,0.9278350515463918,0.7809110629067245,194
protonet,10,Unripe,0.7394957983193278,0.8421052631578947,0.7874720357941835,209
protonet,10,Ripe,0.8736559139784946,0.7319819819819819,0.7965686274509803,444
protonet,10,Overripe,0.759493670886076,0.9278350515463918,0.8352668213457076,194
metric_protonet,10,Unripe,0.7605042016806722,0.8660287081339713,0.8098434004474273,209
metric_protonet,10,Ripe,0.8835227272727273,0.7004504504504504,0.7814070351758793,444
metric_protonet,10,Overripe,0.7042801556420234,0.9329896907216495,0.8026607538802663,194
transfer_learning,10,Unripe,0.9106145251396648,0.7799043062200957,0.8402061855670102,209
transfer_learning,10,Ripe,0.861904761904762,0.8153153153153153,0.837962962962963,444
transfer_learning,10,Overripe,0.7258064516129032,0.9278350515463918,0.8144796380090498,194
protonet,10,Unripe,0.9190751445086706,0.7607655502392344,0.8324607329842932,209
protonet,10,Ripe,0.8456057007125891,0.8018018018018018,0.823121387283237,444
protonet,10,Overripe,0.7035573122529645,0.9175257731958762,0.796420581655481,194
metric_protonet,10,Unripe,0.9302325581395349,0.7655502392344498,0.8398950131233596,209
metric_protonet,10,Ripe,0.8402948402948403,0.7702702702702703,0.8037602820211516,444
metric_protonet,10,Overripe,0.6492537313432836,0.8969072164948454,0.7532467532467534,194
transfer_learning,15,Unripe,0.6956521739130435,0.8627450980392157,0.7702407002188184,204
transfer_learning,15,Ripe,0.8895184135977338,0.715261958997722,0.7929292929292929,439
transfer_learning,15,Overripe,0.7876106194690266,0.9417989417989417,0.8578313253012048,189
protonet,15,Unripe,0.6904761904761905,0.8529411764705882,0.7631578947368423,204
protonet,15,Ripe,0.8641304347826086,0.724373576309795,0.7881040892193308,439
protonet,15,Overripe,0.7971698113207547,0.8941798941798942,0.8428927680798005,189
metric_protonet,15,Unripe,0.7937219730941704,0.8676470588235294,0.8290398126463701,204
metric_protonet,15,Ripe,0.8969849246231156,0.8132118451025057,0.8530465949820788,439
metric_protonet,15,Overripe,0.8293838862559242,0.9259259259259259,0.8749999999999999,189
transfer_learning,15,Unripe,0.7035573122529645,0.8725490196078431,0.7789934354485777,204
transfer_learning,15,Ripe,0.8508557457212714,0.7927107061503417,0.820754716981132,439
transfer_learning,15,Overripe,0.9058823529411765,0.8148148148148148,0.8579387186629527,189
protonet,15,Unripe,0.7086614173228346,0.8823529411764706,0.7860262008733623,204
protonet,15,Ripe,0.8708010335917312,0.7676537585421412,0.8159806295399515,439
protonet,15,Overripe,0.8534031413612565,0.8624338624338624,0.8578947368421053,189
metric_protonet,15,Unripe,0.7387755102040816,0.8872549019607843,0.8062360801781737,204
metric_protonet,15,Ripe,0.8725,0.7949886104783599,0.831942789034565,439
metric_protonet,15,Overripe,0.8609625668449198,0.8518518518518519,0.8563829787234042,189
transfer_learning,15,Unripe,0.7288135593220338,0.8431372549019608,0.7818181818181819,204
transfer_learning,15,Ripe,0.8836565096952909,0.7266514806378133,0.7975,439
transfer_learning,15,Overripe,0.7617021276595745,0.9470899470899471,0.8443396226415094,189
protonet,15,Unripe,0.6979591836734694,0.8382352941176471,0.7616926503340757,204
protonet,15,Ripe,0.8705234159779615,0.7198177676537585,0.7880299251870323,439
protonet,15,Overripe,0.7723214285714286,0.9153439153439153,0.837772397094431,189
metric_protonet,15,Unripe,0.7853881278538812,0.8431372549019608,0.8132387706855793,204
metric_protonet,15,Ripe,0.8900255754475703,0.7927107061503417,0.8385542168674699,439
metric_protonet,15,Overripe,0.8018018018018018,0.9417989417989417,0.8661800486618005,189
transfer_learning,15,Unripe,0.6824817518248175,0.9166666666666666,0.7824267782426779,204
transfer_learning,15,Ripe,0.9154078549848943,0.6902050113895216,0.7870129870129869,439
transfer_learning,15,Overripe,0.775330396475771,0.9312169312169312,0.8461538461538461,189
protonet,15,Unripe,0.6714801444043321,0.9117647058823529,0.7733887733887733,204
protonet,15,Ripe,0.9003021148036254,0.6788154897494305,0.774025974025974,439
protonet,15,Overripe,0.7767857142857143,0.9206349206349206,0.8426150121065374,189
metric_protonet,15,Unripe,0.7991452991452992,0.9166666666666666,0.8538812785388128,204
metric_protonet,15,Ripe,0.9230769230769231,0.7927107061503417,0.8529411764705883,439
metric_protonet,15,Overripe,0.8009049773755657,0.9365079365079365,0.8634146341463415,189
transfer_learning,15,Unripe,0.7283950617283951,0.8676470588235294,0.7919463087248322,204
transfer_learning,15,Ripe,0.850632911392405,0.765375854214123,0.8057553956834532,439
transfer_learning,15,Overripe,0.8041237113402062,0.8253968253968254,0.814621409921671,189
protonet,15,Unripe,0.7,0.8578431372549019,0.7709251101321587,204
protonet,15,Ripe,0.8520408163265306,0.7608200455580866,0.8038507821901324,439
protonet,15,Overripe,0.8421052631578947,0.8465608465608465,0.8443271767810027,189
metric_protonet,15,Unripe,0.7565217391304347,0.8529411764705882,0.8018433179723502,204
metric_protonet,15,Ripe,0.8530120481927711,0.806378132118451,0.8290398126463701,439
metric_protonet,15,Overripe,0.8449197860962567,0.8359788359788359,0.8404255319148936,189
transfer_learning,15,Unripe,0.8258928571428571,0.9068627450980392,0.8644859813084111,204
transfer_learning,15,Ripe,0.893719806763285,0.8428246013667426,0.8675263774912075,439
transfer_learning,15,Overripe,0.845360824742268,0.8677248677248677,0.8563968668407311,189
protonet,15,Unripe,0.7099236641221374,0.9117647058823529,0.798283261802575,204
protonet,15,Ripe,0.8907103825136612,0.7425968109339408,0.8099378881987577,439
protonet,15,Overripe,0.8186274509803921,0.8835978835978836,0.8498727735368957,189
metric_protonet,15,Unripe,0.8974358974358975,0.8578431372549019,0.8771929824561403,204
metric_protonet,15,Ripe,0.8899297423887588,0.8656036446469249,0.8775981524249422,439
metric_protonet,15,Overripe,0.8142857142857143,0.9047619047619048,0.857142857142857,189
transfer_learning,15,Unripe,0.8924731182795699,0.8137254901960784,0.8512820512820513,204
transfer_learning,15,Ripe,0.8858560794044665,0.8132118451025057,0.847980997624703,439
transfer_learning,15,Overripe,0.7283950617283951,0.9365079365079365,0.8194444444444445,189
protonet,15,Unripe,0.8282828282828283,0.803921568627451,0.8159203980099502,204
protonet,15,Ripe,0.8694581280788177,0.8041002277904328,0.8355029585798818,439
protonet,15,Overripe,0.7675438596491229,0.9259259259259259,0.8393285371702638,189
metric_protonet,15,Unripe,0.9696969696969697,0.7843137254901961,0.8672086720867209,204
metric_protonet,15,Ripe,0.8785046728971962,0.856492027334852,0.8673587081891581,439
metric_protonet,15,Overripe,0.7531380753138075,0.9523809523809523,0.8411214953271028,189
transfer_learning,15,Unripe,0.6701754385964912,0.9362745098039216,0.7811860940695297,204
transfer_learning,15,Ripe,0.8854748603351955,0.7220956719817767,0.795483061480552,439
transfer_learning,15,Overripe,0.8518518518518519,0.8518518518518519,0.8518518518518519,189
protonet,15,Unripe,0.6630434782608695,0.8970588235294118,0.7625,204
protonet,15,Ripe,0.8668478260869565,0.7266514806378133,0.7905824039653037,439
protonet,15,Overripe,0.8563829787234043,0.8518518518518519,0.8541114058355438,189
metric_protonet,15,Unripe,0.6954887218045113,0.9068627450980392,0.7872340425531915,204
metric_protonet,15,Ripe,0.8772845953002611,0.765375854214123,0.8175182481751825,439
metric_protonet,15,Overripe,0.8797814207650273,0.8518518518518519,0.8655913978494623,189
transfer_learning,15,Unripe,0.776255707762557,0.8333333333333334,0.8037825059101655,204
transfer_learning,15,Ripe,0.8709677419354839,0.7995444191343963,0.833729216152019,439
transfer_learning,15,Overripe,0.8142857142857143,0.9047619047619048,0.857142857142857,189
protonet,15,Unripe,0.7962085308056872,0.8235294117647058,0.8096385542168674,204
protonet,15,Ripe,0.864321608040201,0.7835990888382688,0.8219832735961768,439
protonet,15,Overripe,0.7623318385650224,0.8994708994708994,0.8252427184466019,189
metric_protonet,15,Unripe,0.8221153846153846,0.8382352941176471,0.8300970873786406,204
metric_protonet,15,Ripe,0.8825,0.8041002277904328,0.8414779499404054,439
metric_protonet,15,Overripe,0.78125,0.9259259259259259,0.847457627118644,189
transfer_learning,15,Unripe,0.7818181818181819,0.8431372549019608,0.8113207547169811,204
transfer_learning,15,Ripe,0.8796992481203008,0.7995444191343963,0.837708830548926,439
transfer_learning,15,Overripe,0.8075117370892019,0.91005291005291,0.8557213930348259,189
protonet,15,Unripe,0.7391304347826086,0.8333333333333334,0.783410138248848,204
protonet,15,Ripe,0.8538461538461538,0.7585421412300684,0.8033775633293124,439
protonet,15,Overripe,0.7783018867924528,0.873015873015873,0.8229426433915213,189
metric_protonet,15,Unripe,0.7818181818181819,0.8431372549019608,0.8113207547169811,204
metric_protonet,15,Ripe,0.8743718592964824,0.7927107061503417,0.8315412186379928,439
metric_protonet,15,Overripe,0.7990654205607477,0.9047619047619048,0.8486352357320099,189
transfer_learning,20,Unripe,0.8530805687203792,0.9045226130653267,0.8780487804878049,199
transfer_learning,20,Ripe,0.9009661835748792,0.8594470046082949,0.8797169811320754,434
transfer_learning,20,Overripe,0.84375,0.8804347826086957,0.8617021276595744,184
protonet,20,Unripe,0.7068273092369478,0.8844221105527639,0.7857142857142857,199
protonet,20,Ripe,0.8812154696132597,0.7350230414746544,0.8015075376884422,434
protonet,20,Overripe,0.7961165048543689,0.8913043478260869,0.8410256410256409,184
metric_protonet,20,Unripe,0.8578431372549019,0.8793969849246231,0.8684863523573201,199
metric_protonet,20,Ripe,0.8962264150943396,0.8755760368663594,0.8857808857808858,434
metric_protonet,20,Overripe,0.8677248677248677,0.8913043478260869,0.8793565683646112,184
transfer_learning,20,Unripe,0.8864864864864865,0.8241206030150754,0.8541666666666667,199
transfer_learning,20,Ripe,0.8975,0.8271889400921659,0.8609112709832135,434
transfer_learning,20,Overripe,0.7672413793103449,0.967391304347826,0.8557692307692307,184
protonet,20,Unripe,0.8088235294117647,0.8291457286432161,0.8188585607940446,199
protonet,20,Ripe,0.8765743073047859,0.8018433179723502,0.8375451263537906,434
protonet,20,Overripe,0.7777777777777778,0.9130434782608695,0.84,184
metric_protonet,20,Unripe,0.9213483146067416,0.8241206030150754,0.870026525198939,199
metric_protonet,20,Ripe,0.8854415274463007,0.8548387096774194,0.8698710433763188,434
metric_protonet,20,Overripe,0.7772727272727272,0.9293478260869565,0.8465346534653465,184
transfer_learning,20,Unripe,0.827027027027027,0.7688442211055276,0.7968749999999999,199
transfer_learning,20,Ripe,0.8511627906976744,0.8433179723502304,0.8472222222222223,434
transfer_learning,20,Overripe,0.8217821782178217,0.9021739130434783,0.8601036269430051,184
protonet,20,Unripe,0.7312775330396476,0.8341708542713567,0.7793427230046948,199
protonet,20,Ripe,0.8680738786279684,0.7580645161290323,0.8093480934809348,434
protonet,20,Overripe,0.7867298578199052,0.9021739130434783,0.8405063291139241,184
metric_protonet,20,Unripe,0.8810810810810811,0.8190954773869347,0.8489583333333334,199
metric_protonet,20,Ripe,0.8827586206896552,0.8847926267281107,0.8837744533947066,434
metric_protonet,20,Overripe,0.8578680203045685,0.9184782608695652,0.8871391076115485,184
transfer_learning,20,Unripe,0.8309859154929577,0.8894472361809045,0.8592233009708737,199
transfer_learning,20,Ripe,0.9063291139240506,0.8248847926267281,0.8636911942098913,434
transfer_learning,20,Overripe,0.8086124401913876,0.9184782608695652,0.8600508905852416,184
protonet,20,Unripe,0.7533632286995515,0.8442211055276382,0.7962085308056871,199
protonet,20,Ripe,0.868766404199475,0.7626728110599078,0.8122699386503067,434
protonet,20,Overripe,0.7746478873239436,0.8967391304347826,0.8312342569269521,184
metric_protonet,20,Unripe,0.8781725888324873,0.8693467336683417,0.8737373737373737,199
metric_protonet,20,Ripe,0.8978622327790974,0.8709677419354839,0.8842105263157896,434
metric_protonet,20,Overripe,0.8391959798994975,0.907608695652174,0.8720626631853785,184
transfer_learning,20,Unripe,0.8190954773869347,0.8190954773869347,0.8190954773869347,199
transfer_learning,20,Ripe,0.8771084337349397,0.8387096774193549,0.8574793875147232,434
transfer_learning,20,Overripe,0.8325123152709359,0.9184782608695652,0.8733850129198967,184
protonet,20,Unripe,0.7706422018348624,0.8442211055276382,0.8057553956834533,199
protonet,20,Ripe,0.8737113402061856,0.7811059907834101,0.8248175182481752,434
protonet,20,Overripe,0.7867298578199052,0.9021739130434783,0.8405063291139241,184
metric_protonet,20,Unripe,0.8181818181818182,0.8592964824120602,0.838235294117647,199
metric_protonet,20,Ripe,0.8878048780487805,0.8387096774193549,0.8625592417061612,434
metric_protonet,20,Overripe,0.8383838383838383,0.9021739130434783,0.869109947643979,184
transfer_learning,20,Unripe,0.835820895522388,0.8442211055276382,0.84,199
transfer_learning,20,Ripe,0.8693693693693694,0.8894009216589862,0.8792710706150342,434
transfer_learning,20,Overripe,0.9127906976744186,0.8532608695652174,0.8820224719101123,184
protonet,20,Unripe,0.801980198019802,0.8140703517587939,0.8079800498753117,199
protonet,20,Ripe,0.8520286396181385,0.8225806451612904,0.8370457209847598,434
protonet,20,Overripe,0.8112244897959183,0.8641304347826086,0.8368421052631577,184
metric_protonet,20,Unripe,0.898936170212766,0.8492462311557789,0.8733850129198966,199
metric_protonet,20,Ripe,0.8702460850111857,0.8963133640552995,0.8830874006810442,434
metric_protonet,20,Overripe,0.8571428571428571,0.8478260869565217,0.8524590163934426,184
transfer_learning,20,Unripe,0.8325123152709359,0.8492462311557789,0.8407960199004975,199
transfer_learning,20,Ripe,0.8928571428571429,0.8640552995391705,0.8782201405152225,434
transfer_learning,20,Overripe,0.8711340206185567,0.9184782608695652,0.8941798941798942,184
protonet,20,Unripe,0.6901960784313725,0.8844221105527639,0.775330396475771,199
protonet,20,Ripe,0.8828337874659401,0.7465437788018433,0.8089887640449438,434
protonet,20,Overripe,0.841025641025641,0.8913043478260869,0.8654353562005277,184
metric_protonet,20,Unripe,0.8677248677248677,0.8241206030150754,0.845360824742268,199
metric_protonet,20,Ripe,0.8818181818181818,0.8940092165898618,0.8878718535469108,434
metric_protonet,20,Overripe,0.8882978723404256,0.907608695652174,0.8978494623655915,184
transfer_learning,20,Unripe,0.7729257641921398,0.8894472361809045,0.8271028037383178,199
transfer_learning,20,Ripe,0.8655256723716381,0.815668202764977,0.8398576512455516,434
transfer_learning,20,Overripe,0.8435754189944135,0.8206521739130435,0.831955922865014,184
protonet,20,Unripe,0.7533632286995515,0.8442211055276382,0.7962085308056871,199
protonet,20,Ripe,0.8539603960396039,0.7949308755760369,0.8233890214797135,434
protonet,20,Overripe,0.8210526315789474,0.8478260869565217,0.8342245989304813,184
metric_protonet,20,Unripe,0.8155339805825242,0.8442211055276382,0.8296296296296296,199
metric_protonet,20,Ripe,0.8634259259259259,0.8594470046082949,0.8614318706697459,434
metric_protonet,20,Overripe,0.8715083798882681,0.8478260869565217,0.8595041322314049,184
transfer_learning,20,Unripe,0.7511961722488039,0.7889447236180904,0.7696078431372549,199
transfer_learning,20,Ripe,0.864406779661017,0.7050691244239631,0.7766497461928934,434
transfer_learning,20,Overripe,0.6968503937007874,0.9619565217391305,0.8082191780821918,184
protonet,20,Unripe,0.7385321100917431,0.8090452261306532,0.7721822541966428,199
protonet,20,Ripe,0.870026525198939,0.7557603686635944,0.8088779284833538,434
protonet,20,Overripe,0.7792792792792793,0.9402173913043478,0.8522167487684729,184
metric_protonet,20,Unripe,0.8191489361702128,0.7738693467336684,0.7958656330749355,199
metric_protonet,20,Ripe,0.8663366336633663,0.8064516129032258,0.8353221957040572,434
metric_protonet,20,Overripe,0.7777777777777778,0.9510869565217391,0.8557457212713937,184
transfer_learning,20,Unripe,0.8673469387755102,0.8542713567839196,0.8607594936708861,199
transfer_learning,20,Ripe,0.8794326241134752,0.8571428571428571,0.868144690781797,434
transfer_learning,20,Overripe,0.8181818181818182,0.8804347826086957,0.8481675392670157,184
protonet,20,Unripe,0.7942583732057417,0.8341708542713567,0.8137254901960784,199
protonet,20,Ripe,0.8603491271820449,0.7949308755760369,0.8263473053892215,434
protonet,20,Overripe,0.7777777777777778,0.875,0.823529411764706,184
metric_protonet,20,Unripe,0.8557213930348259,0.864321608040201,0.86,199
metric_protonet,20,Ripe,0.8781609195402299,0.880184331797235,0.8791714614499424,434
metric_protonet,20,Overripe,0.8729281767955801,0.8586956521739131,0.8657534246575344,184
transfer_learning,30,Unripe,0.7731481481481481,0.8835978835978836,0.8246913580246913,189
transfer_learning,30,Ripe,0.8989071038251366,0.7759433962264151,0.8329113924050633,424
transfer_learning,30,Overripe,0.775609756097561,0.9137931034482759,0.8390501319261213,174
protonet,30,Unripe,0.7192982456140351,0.8677248677248677,0.7865707434052758,189
protonet,30,Ripe,0.8781163434903048,0.7476415094339622,0.8076433121019109,424
protonet,30,Overripe,0.7828282828282829,0.8908045977011494,0.8333333333333334,174
metric_protonet,30,Unripe,0.7850467289719626,0.8888888888888888,0.8337468982630273,189
metric_protonet,30,Ripe,0.8994845360824743,0.8231132075471698,0.8596059113300492,424
metric_protonet,30,Overripe,0.8432432432432433,0.896551724137931,0.8690807799442897,174
transfer_learning,30,Unripe,0.7593582887700535,0.7513227513227513,0.7553191489361701,189
transfer_learning,30,Ripe,0.8422330097087378,0.8183962264150944,0.8301435406698564,424
transfer_learning,30,Overripe,0.8297872340425532,0.896551724137931,0.861878453038674,174
protonet,30,Unripe,0.722488038277512,0.798941798941799,0.7587939698492463,189
protonet,30,Ripe,0.8433420365535248,0.7617924528301887,0.8004956629491945,424
protonet,30,Overripe,0.7794871794871795,0.8735632183908046,0.8238482384823849,174
metric_protonet,30,Unripe,0.8,0.8042328042328042,0.8021108179419525,189
metric_protonet,30,Ripe,0.8578431372549019,0.8254716981132075,0.8413461538461539,424
metric_protonet,30,Overripe,0.8095238095238095,0.8793103448275862,0.8429752066115702,174
transfer_learning,30,Unripe,0.7924528301886793,0.8888888888888888,0.8379052369077307,189
transfer_learning,30,Ripe,0.9226666666666666,0.8160377358490566,0.8660826032540676,424
transfer_learning,30,Overripe,0.83,0.9540229885057471,0.8877005347593583,174
protonet,30,Unripe,0.7136363636363636,0.8306878306878307,0.7677261613691931,189
protonet,30,Ripe,0.868632707774799,0.7641509433962265,0.8130489335006275,424
protonet,30,Overripe,0.8092783505154639,0.9022988505747126,0.8532608695652173,174
metric_protonet,30,Unripe,0.8481675392670157,0.8571428571428571,0.8526315789473684,189
metric_protonet,30,Ripe,0.9012658227848102,0.839622641509434,0.8693528693528694,424
metric_protonet,30,Overripe,0.8059701492537313,0.9310344827586207,0.864,174
transfer_learning,30,Unripe,0.8252427184466019,0.8994708994708994,0.860759493670886,189
transfer_learning,30,Ripe,0.8987341772151899,0.8372641509433962,0.8669108669108669,424
transfer_learning,30,Overripe,0.8225806451612904,0.8793103448275862,0.8500000000000001,174
protonet,30,Unripe,0.7884615384615384,0.8677248677248677,0.8261964735516373,189
protonet,30,Ripe,0.8849315068493151,0.7617924528301887,0.8187579214195183,424
protonet,30,Overripe,0.7336448598130841,0.9022988505747126,0.8092783505154639,174
metric_protonet,30,Unripe,0.8390243902439024,0.91005291005291,0.8730964467005076,189
metric_protonet,30,Ripe,0.9018087855297158,0.8231132075471698,0.8606658446362516,424
metric_protonet,30,Overripe,0.7846153846153846,0.8793103448275862,0.8292682926829268,174
transfer_learning,30,Unripe,0.8571428571428571,0.8571428571428571,0.8571428571428571,189
transfer_learning,30,Ripe,0.8960396039603961,0.8537735849056604,0.8743961352657006,424
transfer_learning,30,Overripe,0.8195876288659794,0.9137931034482759,0.8641304347826086,174
protonet,30,Unripe,0.7417840375586855,0.8359788359788359,0.7860696517412936,189
protonet,30,Ripe,0.8746666666666667,0.7735849056603774,0.8210262828535669,424
protonet,30,Overripe,0.7939698492462312,0.9080459770114943,0.8471849865951743,174
metric_protonet,30,Unripe,0.8539325842696629,0.8042328042328042,0.8283378746594006,189
metric_protonet,30,Ripe,0.8646080760095012,0.8584905660377359,0.8615384615384616,424
metric_protonet,30,Overripe,0.8191489361702128,0.8850574712643678,0.850828729281768,174
transfer_learning,30,Unripe,0.8090909090909091,0.9417989417989417,0.8704156479217603,189
transfer_learning,30,Ripe,0.9462686567164179,0.7476415094339622,0.8353096179183136,424
transfer_learning,30,Overripe,0.7198275862068966,0.9597701149425287,0.8226600985221674,174
protonet,30,Unripe,0.7071129707112971,0.8941798941798942,0.7897196261682243,189
protonet,30,Ripe,0.9054878048780488,0.7004716981132075,0.7898936170212766,424
protonet,30,Overripe,0.740909090909091,0.9367816091954023,0.8274111675126904,174
metric_protonet,30,Unripe,0.8374384236453202,0.8994708994708994,0.8673469387755102,189
metric_protonet,30,Ripe,0.924119241192412,0.8042452830188679,0.8600252206809584,424
metric_protonet,30,Overripe,0.7674418604651163,0.9482758620689655,0.8483290488431877,174
transfer_learning,30,Unripe,0.7807017543859649,0.9417989417989417,0.8537170263788968,189
transfer_learning,30,Ripe,0.9272237196765498,0.8113207547169812,0.8654088050314466,424
transfer_learning,30,Overripe,0.8404255319148937,0.9080459770114943,0.87292817679558,174
protonet,30,Unripe,0.6477272727272727,0.9047619047619048,0.7549668874172185,189
protonet,30,Ripe,0.8985074626865671,0.7099056603773585,0.7931488801054019,424
protonet,30,Overripe,0.8404255319148937,0.9080459770114943,0.87292817679558,174
metric_protonet,30,Unripe,0.7844036697247706,0.9047619047619048,0.8402948402948403,189
metric_protonet,30,Ripe,0.9026315789473685,0.8089622641509434,0.8532338308457712,424
metric_protonet,30,Overripe,0.8201058201058201,0.8908045977011494,0.8539944903581267,174
transfer_learning,30,Unripe,0.7881773399014779,0.8465608465608465,0.8163265306122449,189
transfer_learning,30,Ripe,0.8976982097186701,0.8278301886792453,0.8613496932515338,424
transfer_learning,30,Overripe,0.844559585492228,0.9367816091954023,0.888283378746594,174
protonet,30,Unripe,0.7130044843049327,0.8412698412698413,0.7718446601941747,189
protonet,30,Ripe,0.8702702702702703,0.7594339622641509,0.8110831234256927,424
protonet,30,Overripe,0.8041237113402062,0.896551724137931,0.8478260869565218,174
metric_protonet,30,Unripe,0.7638888888888888,0.873015873015873,0.8148148148148149,189
metric_protonet,30,Ripe,0.896640826873385,0.8183962264150944,0.8557336621454994,424
metric_protonet,30,Overripe,0.8586956521739131,0.9080459770114943,0.88268156424581,174
transfer_learning,30,Unripe,0.8119266055045872,0.9365079365079365,0.8697788697788698,189
transfer_learning,30,Ripe,0.9381720430107527,0.8231132075471698,0.8768844221105528,424
transfer_learning,30,Overripe,0.8223350253807107,0.9310344827586207,0.8733153638814016,174
protonet,30,Unripe,0.7081545064377682,0.873015873015873,0.7819905213270143,189
protonet,30,Ripe,0.8888888888888888,0.7358490566037735,0.8051612903225805,424
protonet,30,Overripe,0.7783251231527094,0.9080459770114943,0.8381962864721485,174
metric_protonet,30,Unripe,0.8203883495145631,0.8941798941798942,0.8556962025316455,189
metric_protonet,30,Ripe,0.9181585677749361,0.8466981132075472,0.8809815950920247,424
metric_protonet,30,Overripe,0.8526315789473684,0.9310344827586207,0.8901098901098902,174
transfer_learning,30,Unripe,0.708,0.9365079365079365,0.806378132118451,189
transfer_learning,30,Ripe,0.9432835820895522,0.7452830188679245,0.8326745718050066,424
transfer_learning,30,Overripe,0.8168316831683168,0.9482758620689655,0.8776595744680851,174
protonet,30,Unripe,0.7178423236514523,0.9153439153439153,0.8046511627906976,189
protonet,30,Ripe,0.9085545722713865,0.7264150943396226,0.8073394495412843,424
protonet,30,Overripe,0.7681159420289855,0.9137931034482759,0.8346456692913387,174
metric_protonet,30,Unripe,0.8045454545454546,0.9365079365079365,0.8655256723716382,189
metric_protonet,30,Ripe,0.9256410256410257,0.8514150943396226,0.8869778869778869,424
metric_protonet,30,Overripe,0.8870056497175142,0.9022988505747126,0.8945868945868947,174
full_finetune,N/A,Unripe,1.0,0.8307692307692308,0.907563025210084,65
full_finetune,N/A,Ripe,0.9154929577464789,0.9774436090225563,0.9454545454545454,133
full_finetune,N/A,Overripe,0.9516129032258065,0.9833333333333333,0.9672131147540983,60
