method,k_shot,run,accuracy,macro_precision,macro_recall,macro_f1,top2_accuracy
transfer_learning,5,0,0.7621809744779582,0.7541392367120251,0.802612790586713,0.7663878225675979,0.9593967517401392
protonet,5,0,0.7668213457076566,0.7639245724129445,0.8123391067417236,0.771622303149892,0.9860788863109049
metric_protonet,5,0,0.7958236658932715,0.79144167532018,0.8326467624567621,0.799762463460973,0.9837587006960556
transfer_learning,5,1,0.796983758700696,0.7955568855940731,0.8317454202720617,0.8042249720851596,0.9872389791183295
protonet,5,1,0.7726218097447796,0.7779465394396606,0.8148703400161029,0.7825281186638118,0.9907192575406032
metric_protonet,5,1,0.8039443155452436,0.8009328472386148,0.8405107917178186,0.8108952144718207,0.9907192575406032
transfer_learning,5,2,0.7076566125290024,0.7207295628348259,0.772018216790786,0.7204512187959017,0.9837587006960556
protonet,5,2,0.7900232018561485,0.7829080849007187,0.8194842622663093,0.7946322299741198,0.9814385150812065
metric_protonet,5,2,0.7610208816705336,0.7566691151199855,0.7969590753621015,0.7673476074598095,0.9814385150812065
transfer_learning,5,3,0.7703016241299304,0.7602025508347617,0.7825237762472068,0.7686637701767965,0.9779582366589327
protonet,5,3,0.7691415313225058,0.7622345891425356,0.8114823226303657,0.7748562122886878,0.9837587006960556
metric_protonet,5,3,0.759860788863109,0.7534339076181956,0.80729109193115,0.766095970024104,0.9895591647331786
transfer_learning,5,4,0.7389791183294664,0.7345914889075028,0.7782036478976417,0.7465567890751162,0.9651972157772621
protonet,5,4,0.7563805104408353,0.7479782008579686,0.7868937796546094,0.7615187485908681,0.9791183294663574
metric_protonet,5,4,0.7563805104408353,0.7484657133731291,0.7827001606705551,0.7610853178769847,0.9849187935034803
transfer_learning,5,5,0.7517401392111369,0.7513262599469496,0.804670742510086,0.757458284318037,0.9559164733178654
protonet,5,5,0.7993039443155452,0.7902323182497634,0.8270671189276245,0.800614370504659,0.9860788863109049
metric_protonet,5,5,0.8097447795823666,0.8003461852196283,0.8332856199347661,0.810598634352,0.9930394431554525
transfer_learning,5,6,0.8294663573085846,0.8268013468013469,0.8251398602264143,0.8255371691090702,0.9930394431554525
protonet,5,6,0.8317865429234339,0.8202972896267916,0.8484278513619378,0.8321163861177231,0.9860788863109049
metric_protonet,5,6,0.8491879350348028,0.8472004495013344,0.845228334151103,0.8461845512783067,0.9918793503480279
transfer_learning,5,7,0.7006960556844548,0.7305983705329041,0.7457540392259573,0.7143435602894864,0.968677494199536
protonet,5,7,0.771461716937355,0.7942977681001633,0.8087602357617171,0.7844392562824449,0.9907192575406032
metric_protonet,5,7,0.7784222737819025,0.7985986499188242,0.8048207163383193,0.78712804511173,0.994199535962877
transfer_learning,5,8,0.6925754060324826,0.719207109450355,0.7827614367377689,0.7047090981504516,0.9535962877030162
protonet,5,8,0.7018561484918794,0.7318380886092845,0.7884657417623959,0.7156722456699948,0.9907192575406032
metric_protonet,5,8,0.6902552204176334,0.7307146929184221,0.7824375016364981,0.7072477311586082,0.9709976798143851
transfer_learning,5,9,0.8016241299303944,0.8338511817495223,0.7856896831429382,0.7898717196849628,0.9791183294663574
protonet,5,9,0.8109048723897911,0.8236206416117763,0.8108490087624253,0.8058079904687614,0.9849187935034803
metric_protonet,5,9,0.820185614849188,0.8545292368532692,0.7979135350935446,0.8086537507016217,0.9825986078886311
transfer_learning,10,0,0.8417945690672963,0.8477544436996153,0.8278834746550428,0.8363431189602641,0.9929161747343566
protonet,10,0,0.8217237308146399,0.8191891938191661,0.8275744051652896,0.8217567048751558,0.9811097992916175
metric_protonet,10,0,0.8689492325855962,0.8783226209809617,0.8521696115293511,0.863971453121426,0.9893742621015348
transfer_learning,10,1,0.8406139315230224,0.8282442843846353,0.8676237525939099,0.8418296141635176,0.9940968122786304
protonet,10,1,0.820543093270366,0.8188017201056376,0.8300108178024619,0.8190265515335974,0.9834710743801653
metric_protonet,10,1,0.8311688311688312,0.8206529748532407,0.8537738029056531,0.832239374282354,0.9929161747343566
transfer_learning,10,2,0.7957497048406139,0.7844167656466525,0.8317254757840759,0.799428546511765,0.9858323494687131
protonet,10,2,0.8122786304604487,0.8002910986614471,0.8394569160982618,0.8146773496720474,0.9846517119244392
metric_protonet,10,2,0.820543093270366,0.8102194455443609,0.8451863667544622,0.8230633053286125,0.9940968122786304
transfer_learning,10,3,0.807556080283353,0.795363757734363,0.8287523576454667,0.8074302575345368,0.9822904368358913
protonet,10,3,0.7969303423848878,0.784019524267622,0.8212557005286251,0.7982396166153376,0.9822904368358913
metric_protonet,10,3,0.8618654073199528,0.8580337617437777,0.8640077210343081,0.8596432240151389,0.9893742621015348
transfer_learning,10,4,0.8358913813459268,0.8304104104485889,0.8495113028482534,0.8375597805244976,0.9976387249114522
protonet,10,4,0.8299881936245572,0.8231527093596059,0.8439459412058435,0.8312962704566748,0.9929161747343566
metric_protonet,10,4,0.859504132231405,0.8602528844032999,0.8606564686325946,0.8591305607995842,0.9940968122786304
transfer_learning,10,5,0.8170011806375442,0.8107667863258153,0.83846675314391,0.820372267129596,0.9858323494687131
protonet,10,5,0.7827626918536009,0.7879495537926114,0.8215132214047026,0.7918637189226089,0.9940968122786304
metric_protonet,10,5,0.833530106257379,0.8289110089087576,0.838335178270067,0.8323528497741943,0.9858323494687131
transfer_learning,10,6,0.8606847697756789,0.8675633916987802,0.846174455914011,0.8552271098180251,0.9952774498229043
protonet,10,6,0.8110979929161747,0.7996322367879786,0.8379662649874261,0.8133921247064023,0.9834710743801653
metric_protonet,10,6,0.8500590318772137,0.8429411736254243,0.85815036167722,0.849412718894314,0.9917355371900827
transfer_learning,10,7,0.7874852420306966,0.7763650298276623,0.8154772564702027,0.7902328983352044,0.9704840613931524
protonet,10,7,0.8110979929161747,0.7985590193359388,0.838706165347511,0.8133163894528601,0.9905548996458088
metric_protonet,10,7,0.8512396694214877,0.8434580659617429,0.8587968672070679,0.8505428849577997,0.9940968122786304
transfer_learning,10,8,0.7744982290436836,0.7647447409009515,0.8202702036125803,0.7788983748677941,0.9811097992916175
protonet,10,8,0.8040141676505312,0.7908817943946328,0.8339740988954228,0.8064358281969571,0.9858323494687131
metric_protonet,10,8,0.79456906729634,0.7827690281984743,0.8331562831020237,0.797970396501191,0.987012987012987
transfer_learning,10,9,0.8323494687131051,0.8327752462191101,0.8410182243606009,0.8308829288463411,0.9846517119244392
protonet,10,9,0.8181818181818182,0.8227460524914081,0.8266977084123042,0.8173342339743371,0.9846517119244392
metric_protonet,10,9,0.7981109799291618,0.8065937099258863,0.810909241999855,0.7989673494637549,0.9858323494687131
transfer_learning,15,0,0.8028846153846154,0.7909270689932679,0.8399353329452932,0.8070004394831054,0.9891826923076923
protonet,15,0,0.7944711538461539,0.7839254788598513,0.823831548986759,0.7980515840119913,0.9819711538461539
metric_protonet,15,0,0.8521634615384616,0.8400302613244034,0.8689282766173204,0.8523621358761496,0.9927884615384616
transfer_learning,15,1,0.8173076923076923,0.8200984703051374,0.8266915135243332,0.8192289570308874,0.9939903846153846
protonet,15,1,0.8173076923076923,0.8109551974252741,0.8374801873841581,0.8199671890851397,0.9879807692307693
metric_protonet,15,1,0.8305288461538461,0.8240793590163338,0.8446984547636655,0.8315206159787142,0.9927884615384616
transfer_learning,15,2,0.8052884615384616,0.7913907322256332,0.8389595608765736,0.8078859348198971,0.9939903846153846
protonet,15,2,0.7932692307692307,0.7802680094076199,0.8244656590384403,0.795831657538513,0.984375
metric_protonet,15,2,0.8389423076923077,0.8257385017010845,0.859215634283748,0.8393243454049498,0.9939903846153846
transfer_learning,15,3,0.8004807692307693,0.7910733344284943,0.8460295364243731,0.8051978704698369,0.9831730769230769
protonet,15,3,0.7908653846153846,0.7828559911645573,0.8370717054222346,0.7966765865070949,0.9927884615384616
metric_protonet,15,3,0.8557692307692307,0.8410423998659292,0.8819617697749816,0.8567456963852474,0.9927884615384616
transfer_learning,15,4,0.8040865384615384,0.7943838948203354,0.8194732461448261,0.8041077047766522,0.984375
protonet,15,4,0.8040865384615384,0.7980486931614751,0.8217413431246117,0.8063676897010978,0.9819711538461539
metric_protonet,15,4,0.8245192307692307,0.8181511911398208,0.8317660481892917,0.8237695541778712,0.9939903846153846
transfer_learning,15,5,0.8641826923076923,0.8549911628828034,0.8724707380632166,0.8628030752134498,0.9927884615384616
protonet,15,5,0.8161057692307693,0.8064204992053968,0.8459864668047258,0.8193646411794094,0.9915865384615384
metric_protonet,15,5,0.8725961538461539,0.8672171180367902,0.8760695622212439,0.8706446640079798,0.9927884615384616
transfer_learning,15,6,0.8413461538461539,0.8355747531374772,0.8544817572688402,0.8395691644503996,0.9879807692307693
protonet,15,6,0.8317307692307693,0.8217616053369229,0.8446492407812699,0.8302506312533652,0.9855769230769231
metric_protonet,15,6,0.8605769230769231,0.8671132393026578,0.8643955684020002,0.8585629585343272,0.9927884615384616
transfer_learning,15,7,0.8040865384615384,0.8025007169278462,0.8367406778791834,0.8095070024673111,0.9939903846153846
protonet,15,7,0.796875,0.7954247610237436,0.8251873853396923,0.8023979366002826,0.9855769230769231
metric_protonet,15,7,0.8197115384615384,0.8175182459565998,0.841363483721338,0.823447896192612,0.9891826923076923
transfer_learning,15,8,0.8317307692307693,0.8205030546612516,0.8458798857432114,0.8315515264016806,0.9903846153846154
protonet,15,8,0.8197115384615384,0.8076206591369702,0.835533133357958,0.8189548487532154,0.9819711538461539
metric_protonet,15,8,0.8401442307692307,0.8286217948717948,0.856087149278002,0.8396775548125633,0.9927884615384616
transfer_learning,15,9,0.8353365384615384,0.8230097223425615,0.8509115280297556,0.834916992766911,0.9903846153846154
protonet,15,9,0.8028846153846154,0.7904261584737383,0.8216304491930916,0.8032434483232272,0.9831730769230769
metric_protonet,15,9,0.8305288461538461,0.8184184872251373,0.8468699552714024,0.8304990696956613,0.9927884615384616
transfer_learning,20,0,0.8751529987760098,0.8659322507650861,0.8814681334274391,0.8731559630931516,0.99265605875153
protonet,20,0,0.806609547123623,0.7947197612348589,0.8369164999511683,0.8094158214761228,0.98531211750306
metric_protonet,20,0,0.8800489596083231,0.8739314733580364,0.8820924565390231,0.8778746021676057,0.99265605875153
transfer_learning,20,1,0.8580171358629131,0.8504092885989438,0.8729002824850225,0.8569490561397037,0.9902080783353733
protonet,20,1,0.8335373317013464,0.8210585381647761,0.8480108416254786,0.8321345623826116,0.98531211750306
metric_protonet,20,1,0.8641370869033048,0.8613541897752565,0.8694357129264838,0.8621440740135348,0.996328029375765
transfer_learning,20,2,0.8384332925336597,0.8333239986475077,0.8381120354997454,0.8347336163884091,0.9828641370869033
protonet,20,2,0.8090575275397797,0.795360423162507,0.8314697611479559,0.8097323818665179,0.9840881272949816
metric_protonet,20,2,0.8763769889840881,0.8739025740251015,0.8741221216615368,0.8732906314465295,0.9865361077111383
transfer_learning,20,3,0.8616891064871481,0.8486424898694653,0.8776034298923993,0.8609884619220023,0.9902080783353733
protonet,20,3,0.8127294981640147,0.7989258400743234,0.8345443490074428,0.813237575460982,0.98531211750306
metric_protonet,20,3,0.8788249694002448,0.8717436005036939,0.8826410570853332,0.8766701877461806,0.9951040391676866
transfer_learning,20,4,0.8518971848225214,0.8429054087976035,0.8587611385586182,0.8499866259405181,0.9914320685434517
protonet,20,4,0.8237454100367197,0.8103611332869844,0.842500336451509,0.8236930810151842,0.9828641370869033
metric_protonet,20,4,0.8580171358629131,0.8481235115381457,0.8667266909582979,0.8566348278225956,0.9951040391676866
transfer_learning,20,5,0.8702570379436965,0.8726603208553919,0.8622942989172806,0.8670978475083823,0.9902080783353733
protonet,20,5,0.8298653610771114,0.8217444424779529,0.8335938105675643,0.8272892920410765,0.9877600979192166
metric_protonet,20,5,0.8739290085679314,0.8754417041222696,0.8644618940558667,0.8696438099981277,0.9914320685434517
transfer_learning,20,6,0.8727050183598531,0.8655011595822119,0.8772599305215047,0.8710653515318714,0.9951040391676866
protonet,20,6,0.8127294981640147,0.8046851689743179,0.840756745726898,0.8165848389070808,0.9865361077111383
metric_protonet,20,6,0.8800489596083231,0.8792803072944917,0.8752461717523703,0.8770273802182568,0.9938800489596084
transfer_learning,20,7,0.8347613219094248,0.8273422851860638,0.8419225376196416,0.8329721259496278,0.9914320685434517
protonet,20,7,0.8188494492044064,0.8094587521060342,0.8289926893533991,0.8179407170719607,0.98531211750306
metric_protonet,20,7,0.8531211750305998,0.8501560954655728,0.8504980656974851,0.8501885441769268,0.99265605875153
transfer_learning,20,8,0.7833537331701347,0.7708177818702028,0.8186567899270614,0.7848255891374468,0.9804161566707467
protonet,20,8,0.8102815177478581,0.7959459715233205,0.8350076620328651,0.8110923104828233,0.98531211750306
metric_protonet,20,8,0.8310893512851897,0.821087782537119,0.8438026387195444,0.8289778500167954,0.9865361077111383
transfer_learning,20,9,0.8616891064871481,0.8549871270236012,0.8639496655118242,0.8590239079065664,0.9951040391676866
protonet,20,9,0.8225214198286414,0.8107950927218548,0.8347005766157979,0.8212007357833353,0.9791921664626683
metric_protonet,20,9,0.8714810281517748,0.8689368297902119,0.867733864003783,0.8683082953691589,0.996328029375765
transfer_learning,30,0,0.832274459974587,0.8158883360236153,0.8577781277575248,0.8322176274519587,0.9961880559085133
protonet,30,0,0.8081321473951716,0.7934142906442077,0.8353903249533264,0.8091824629468399,0.9872935196950444
metric_protonet,30,0,0.855146124523507,0.8425915027658935,0.8695179401913299,0.8541445298457887,0.9961880559085133
transfer_learning,30,1,0.8195679796696315,0.8104595108404483,0.8220902339585923,0.8157803808815669,0.9911054637865311
protonet,30,1,0.795425667090216,0.7817724181060721,0.8114324900542641,0.7943792904269419,0.9822109275730623
metric_protonet,30,1,0.832274459974587,0.8224556489262372,0.8363382823911993,0.8288107261332255,0.9949174078780177
transfer_learning,30,2,0.8640406607369758,0.8483731656184487,0.8863165377478975,0.8638961249737189,0.9936467598475223
protonet,30,2,0.8106734434561627,0.7971824739755421,0.8323792082195899,0.8113453214783459,0.9860228716645489
metric_protonet,30,2,0.8640406607369758,0.8518011704351857,0.8759333271369706,0.8619948161000792,0.9936467598475223
transfer_learning,30,3,0.8614993646759848,0.8488525136076941,0.8720151317472941,0.859223453527251,0.9949174078780177
protonet,30,3,0.818297331639136,0.802345968374646,0.8439387237099231,0.8180775818288731,0.9847522236340533
metric_protonet,30,3,0.8564167725540025,0.8418161867963342,0.8708254874758886,0.854343528006562,0.9961880559085133
transfer_learning,30,4,0.8678526048284625,0.8575900299897441,0.8749031818322645,0.8652231423970553,0.9936467598475223
protonet,30,4,0.818297331639136,0.8034735178238611,0.8392032395502359,0.8180936403966782,0.9898348157560356
metric_protonet,30,4,0.8513341804320204,0.8458965321497923,0.8492602805116359,0.84690168849321,0.9949174078780177
transfer_learning,30,5,0.841168996188056,0.8250623840047412,0.8830701887251443,0.8427951214540804,0.9809402795425667
protonet,30,5,0.7992376111817027,0.7845032888328123,0.8438110671628346,0.8023414702340638,0.9847522236340533
metric_protonet,30,5,0.8589580686149937,0.8429998417676162,0.8839973481862442,0.8585670694332187,0.9949174078780177
transfer_learning,30,6,0.8640406607369758,0.8494503353258027,0.8870552245091391,0.8640180027353077,0.9911054637865311
protonet,30,6,0.8005082592121983,0.7955534224429112,0.8409045140502526,0.8070146481060667,0.9872935196950444
metric_protonet,30,6,0.8500635324015248,0.835713689592653,0.8681762555379992,0.8491743871662459,0.9961880559085133
transfer_learning,30,7,0.8564167725540025,0.8434783783707919,0.8703908814784981,0.8553198675367909,0.9936467598475223
protonet,30,7,0.8094027954256671,0.7957994886384698,0.8324185092239743,0.8102512901921298,0.9860228716645489
metric_protonet,30,7,0.8513341804320204,0.8397417893120623,0.8664860254808205,0.8510766804020414,0.9911054637865311
transfer_learning,30,8,0.8742058449809402,0.8574778912986836,0.8968852089379089,0.8733262185902748,0.9961880559085133
protonet,30,8,0.806861499364676,0.7917895061597888,0.8389703022103804,0.808449366040581,0.9834815756035579
metric_protonet,30,8,0.8767471410419314,0.8637261654122893,0.890637496715354,0.8755958959111867,0.9949174078780177
transfer_learning,30,9,0.8360864040660737,0.8227050884192897,0.8766889391482756,0.8389040927971809,0.9860228716645489
protonet,30,9,0.8132147395171537,0.7981709459839413,0.8518507043772713,0.8155454272077737,0.98856416772554
metric_protonet,30,9,0.8831003811944091,0.8723973766346648,0.8967406271407573,0.8823634846454733,0.9949174078780177
